PLAYER_ID,PLAYER_NAME,NICKNAME,TEAM_ABBREVIATION,PTS,REB,AST,STL,BLK,TOV,FG3_PCT,MIN,GP,AGE,PLUS_MINUS
1630639,A.J. Lawson,A.J.,DAL,136,50,20,10,3,14,0.26,310.9,42,23.0,18
1631260,AJ Green,AJ,MIL,252,64,30,9,4,12,0.408,614.2816666666666,56,24.0,50
1631100,AJ Griffin,AJ,ATL,48,18,5,1,2,8,0.256,170.73,20,20.0,-51
203932,Aaron Gordon,Aaron,DEN,1013,471,259,56,45,105,0.29,2296.81,73,28.0,423
1628988,Aaron Holiday,Aaron,HOU,514,123,140,42,6,53,0.387,1269.2966666666666,78,27.0,85
1630174,Aaron Nesmith,Aaron,IND,877,275,108,65,49,64,0.419,1994.655,72,24.0,161
1630598,Aaron Wiggins,Aaron,OKC,542,186,86,56,19,56,0.492,1227.9383333333333,78,25.0,94
1641745,Adam Flagler,Adam,OKC,3,0,4,0,0,0,0.167,14.016666666666667,2,24.0,0
1641766,Adama Sanogo,Adama,CHI,36,36,0,1,0,5,0.0,65.76166666666667,9,22.0,34
1629678,Admiral Schofield,Admiral,ORL,26,17,7,1,0,5,0.375,84.35833333333333,23,27.0,-13
201143,Al Horford,Al,BOS,562,413,168,38,62,48,0.419,1739.7966666666666,65,37.0,421
202692,Alec Burks,Alec,NYK,689,150,88,28,12,48,0.376,1211.545,66,32.0,-256
1630197,Aleksej Pokusevski,Aleksej,CHA,146,89,35,15,13,19,0.327,405.3833333333333,28,22.0,-74
1627936,Alex Caruso,Alex,CHI,715,273,247,120,70,102,0.408,2040.3433333333332,71,30.0,4
1641788,Alex Fudge,Alex,DAL,15,5,0,3,0,2,0.2,40.21666666666667,6,21.0,-39
203458,Alex Len,Alex,SAC,120,128,50,11,33,27,0.0,444.245,48,30.0,142
1631214,Alondes Williams,Alondes,MIA,5,1,0,0,1,2,0.0,15.595,7,24.0,-20
1630578,Alperen Sengun,Alperen,HOU,1331,589,312,76,46,162,0.297,2045.635,63,21.0,49
1641735,Amari Bailey,Amari,CHA,23,9,7,3,0,4,0.125,64.63333333333334,10,20.0,5
1641708,Amen Thompson,Amen,HOU,592,409,163,78,38,90,0.138,1388.5316666666668,62,21.0,45
1629599,Amir Coffey,Amir,LAC,463,148,76,41,14,33,0.38,1460.5966666666666,70,26.0,-92
203083,Andre Drummond,Andre,CHI,663,708,37,73,48,81,0.0,1351.2516666666668,79,30.0,26
1641748,Andre Jackson Jr.,Andre,MIL,125,113,50,16,6,28,0.37,572.3283333333334,57,22.0,-89
1641847,Andrew Funk,Andrew,CHI,0,0,0,1,1,0,0.0,13.4,5,24.0,4
1629614,Andrew Nembhard,Andrew,IND,626,141,280,63,6,101,0.357,1696.685,68,24.0,65
203952,Andrew Wiggins,Andrew,GSW,939,321,119,42,41,87,0.358,1920.4483333333333,71,29.0,-58
1629014,Anfernee Simons,Anfernee,POR,1039,167,255,23,5,126,0.385,1581.7433333333333,46,24.0,-330
1641710,Anthony Black,Anthony,ORL,316,139,91,35,21,56,0.394,1164.21,69,20.0,-33
203076,Anthony Davis,Anthony,LAL,1876,961,266,91,178,159,0.271,2700.2433333333333,76,31.0,151
1630162,Anthony Edwards,Anthony,MIN,2049,430,405,101,42,241,0.357,2770.383333333333,79,22.0,432
1630264,Anthony Gill,Anthony,WAS,189,94,34,13,11,23,0.244,466.49666666666667,50,31.0,5
1629717,Armoni Brooks,Armoni,BKN,42,18,5,1,1,3,0.344,104.02333333333333,10,25.0,28
1630204,Ashton Hagans,Ashton,POR,80,45,54,11,9,30,0.32,315.57166666666666,19,24.0,-4
1641709,Ausar Thompson,Ausar,DET,556,402,120,68,59,84,0.186,1582.805,63,21.0,-231
1630559,Austin Reaves,Austin,LAL,1300,352,450,66,25,174,0.367,2628.95,82,26.0,-41
1630245,Ayo Dosunmu,Ayo,CHI,924,216,242,68,36,103,0.403,2212.4683333333332,76,24.0,-158
1628389,Bam Adebayo,Bam,MIA,1367,737,278,81,66,162,0.357,2416.4733333333334,71,26.0,50
1641767,Ben Sheppard,Ben,IND,252,89,53,33,2,15,0.314,814.26,57,22.0,69
1627732,Ben Simmons,Ben,BKN,92,119,86,12,9,27,0.0,358.9166666666667,15,27.0,-38
1631097,Bennedict Mathurin,Bennedict,IND,856,234,119,35,14,97,0.374,1538.39,59,21.0,-92
1641731,Bilal Coulibaly,Bilal,WAS,532,256,110,57,48,87,0.346,1715.25,63,19.0,-419
202687,Bismack Biyombo,Bismack,OKC,174,209,53,11,37,42,0.0,791.4616666666667,40,31.0,-65
1631104,Blake Wesley,Blake,SAS,268,94,166,29,9,55,0.218,875.925,61,21.0,-144
1626246,Boban Marjanovic,Boban,HOU,45,32,6,1,2,5,0.0,70.91,14,35.0,-20
1626171,Bobby Portis,Bobby,MIL,1130,607,104,68,34,91,0.407,2008.1666666666667,82,29.0,-5
203992,Bogdan Bogdanovic,Bogdan,ATL,1333,272,247,96,26,112,0.374,2401.4083333333333,79,31.0,127
202711,Bojan Bogdanovic,Bojan,NYK,868,152,97,30,5,101,0.398,1478.0033333333333,57,35.0,-346
1629626,Bol Bol,Bol,PHX,223,137,17,10,25,19,0.423,469.0283333333333,43,24.0,13
1630538,Bones Hyland,Bones,LAC,256,55,93,26,4,44,0.326,540.21,37,23.0,-65
203078,Bradley Beal,Bradley,PHX,964,232,265,52,27,131,0.43,1766.7333333333333,53,30.0,107
1641764,Brandin Podziemski,Brandin,GSW,682,427,273,61,14,88,0.385,1968.2533333333333,74,21.0,264
1630527,Brandon Boston Jr.,Brandon,LAC,167,52,13,11,8,24,0.269,345.1716666666667,32,22.0,-111
1629634,Brandon Clarke,Brandon,MEM,68,32,9,5,6,3,0.167,134.31833333333333,6,27.0,-8
1627742,Brandon Ingram,Brandon,NOP,1332,324,363,50,40,163,0.355,2102.68,64,26.0,175
1641706,Brandon Miller,Brandon,CHA,1279,315,175,66,42,132,0.373,2382.963333333333,74,21.0,-510
1630314,Brandon Williams,Brandon,DAL,54,13,17,1,1,7,0.2,112.87,17,24.0,-57
1630296,Braxton Key,Braxton,DEN,22,18,9,2,1,1,0.4,59.983333333333334,20,27.0,-11
1641729,Brice Sensabaugh,Brice,UTA,241,102,55,13,6,47,0.296,584.3633333333333,32,20.0,-173
201572,Brook Lopez,Brook,MIL,990,409,127,43,189,79,0.366,2411.1516666666666,79,36.0,278
1628971,Bruce Brown,Bruce,TOR,726,284,192,59,17,86,0.323,1865.3666666666666,67,27.0,-231
1628981,Bruno Fernando,Bruno,ATL,282,193,46,25,28,44,0.0,682.3033333333333,45,25.0,-96
1631121,Bryce McGowens,Bryce,CHA,302,102,51,21,10,30,0.333,881.595,59,21.0,-229
1631205,Buddy Boeheim,Buddy,DET,34,10,3,0,1,0,0.32,84.00166666666667,10,24.0,21
1627741,Buddy Hield,Buddy,PHI,1013,269,236,70,42,103,0.386,2159.8883333333333,84,31.0,64
203468,CJ McCollum,CJ,NOP,1322,286,305,62,41,110,0.429,2158.536666666667,66,32.0,195
1630595,Cade Cunningham,Cade,DET,1405,268,464,56,22,212,0.355,2074.225,62,22.0,-350
1631216,Caleb Houstan,Caleb,ORL,253,84,29,15,4,16,0.373,815.335,59,21.0,-30
1628997,Caleb Martin,Caleb,MIA,640,281,143,47,29,77,0.349,1756.5533333333333,64,28.0,66
1629629,Cam Reddish,Cam,LAL,260,99,48,47,14,31,0.336,984.0616666666666,48,24.0,-50
1630560,Cam Thomas,Cam,BKN,1482,214,192,45,16,124,0.364,2074.85,66,22.0,-201
1641715,Cam Whitmore,Cam,HOU,579,180,33,30,17,46,0.359,880.3333333333334,47,19.0,-28
1629661,Cameron Johnson,Cameron,BKN,776,251,138,49,15,57,0.391,1599.0383333333334,58,28.0,-77
1626166,Cameron Payne,Cameron,PHI,578,117,205,42,11,66,0.39,1304.0766666666666,78,29.0,-11
1627747,Caris LeVert,Caris,CLE,952,280,346,76,34,117,0.325,1958.0833333333333,68,29.0,120
1641717,Cason Wallace,Cason,OKC,561,187,120,76,37,45,0.419,1691.9216666666666,82,20.0,127
1626224,Cedi Osman,Cedi,SAS,489,180,119,36,11,47,0.389,1268.7516666666668,72,29.0,-353
1629646,Charles Bassey,Charles,SAS,63,76,21,8,17,15,0.0,205.275,19,23.0,-46
1629718,Charlie Brown Jr.,Charlie,NYK,6,2,0,0,2,2,0.286,37.28333333333333,8,27.0,-6
1631096,Chet Holmgren,Chet,OKC,1357,648,200,53,190,131,0.37,2412.7966666666666,82,22.0,423
1629002,Chimezie Metu,Chimezie,DET,332,194,46,43,16,52,0.298,858.9066666666666,51,27.0,-109
1628449,Chris Boucher,Chris,TOR,322,207,23,14,24,28,0.33,704.8833333333333,50,31.0,28
1630537,Chris Duarte,Chris,SAC,230,106,44,28,8,26,0.346,719.5183333333333,59,26.0,-67
1641753,Chris Livingston,Chris,MIL,26,21,5,2,0,5,0.2,90.53333333333333,21,20.0,-27
101108,Chris Paul,Chris,GSW,533,225,393,70,6,76,0.371,1530.89,58,39.0,110
1631128,Christian Braun,Christian,DEN,600,306,132,42,35,55,0.384,1655.565,82,23.0,-13
1626174,Christian Wood,Christian,LAL,347,254,49,16,33,50,0.307,871.9433333333334,50,28.0,3
1629643,Chuma Okeke,Chuma,ORL,107,80,20,9,7,16,0.28,431.73,47,25.0,-70
203991,Clint Capela,Clint,ATL,836,776,91,43,106,74,0.0,1883.0866666666666,73,30.0,-17
1629632,Coby White,Coby,CHI,1509,358,405,53,18,166,0.376,2881.3566666666666,79,24.0,-35
1628998,Cody Martin,Cody,CHA,211,109,104,32,18,44,0.314,752.9916666666667,28,28.0,-157
203469,Cody Zeller,Cody,NOP,76,112,39,9,5,16,0.333,319.70666666666665,43,31.0,46
1641732,Colby Jones,Colby,SAC,64,40,20,7,5,10,0.091,191.73666666666668,30,22.0,9
1630175,Cole Anthony,Cole,ORL,937,311,236,64,37,126,0.338,1817.3116666666667,81,24.0,110
1631306,Cole Swider,Cole,MIA,42,7,5,1,1,8,0.333,86.79833333333333,18,25.0,-20
1630658,Colin Castleton,Colin,LAL,24,12,3,2,0,3,0.0,59.08,16,24.0,-44
1631221,Collin Gillespie,Collin,DEN,87,21,27,13,0,14,0.395,225.365,24,24.0,15
1629012,Collin Sexton,Collin,UTA,1458,205,383,62,18,165,0.394,2074.7633333333333,78,25.0,-143
1630557,Corey Kispert,Corey,WAS,1070,225,157,42,16,98,0.383,2067.435,80,25.0,-445
202709,Cory Joseph,Cory,GSW,63,30,42,4,3,12,0.31,295.8933333333333,26,32.0,-12
1641854,Craig Porter Jr.,Craig,CLE,285,109,118,21,15,45,0.353,649.355,51,24.0,-25
1626156,D'Angelo Russell,D'Angelo,LAL,1369,236,482,69,36,156,0.415,2484.1283333333336,76,28.0,184
1641793,D'Moi Hodge,D'Moi,LAL,14,0,5,1,1,1,0.25,41.24333333333333,7,25.0,-35
1630618,D.J. Carton,D.J.,TOR,11,4,3,1,0,1,0.25,35.53333333333333,4,23.0,-31
1628391,D.J. Wilson,D.J.,PHI,10,2,2,0,2,0,1.0,15.466666666666667,2,28.0,2
1629610,DaQuan Jeffries,DaQuan,NYK,14,5,5,0,1,3,0.2,45.975,17,26.0,-10
1630227,Daishen Nix,Daishen,MIN,27,3,6,5,0,5,0.353,49.78333333333333,15,22.0,28
1630625,Dalano Banton,Dalano,POR,557,178,127,33,20,77,0.296,1046.8466666666666,54,24.0,-222
1631207,Dalen Terry,Dalen,CHI,180,113,81,27,18,32,0.23,680.71,59,21.0,36
1627745,Damian Jones,Damian,CLE,107,62,15,7,13,13,0.214,269.7316666666667,39,28.0,-91
203081,Damian Lillard,Damian,MIL,1775,320,508,72,18,193,0.354,2578.4283333333333,73,33.0,389
1629655,Daniel Gafford,Daniel,DAL,814,562,115,65,153,74,0.0,1814.355,74,25.0,-102
1628464,Daniel Theis,Daniel,LAC,376,244,61,21,51,42,0.366,1014.84,60,32.0,62
201568,Danilo Gallinari,Danilo,MIL,280,108,55,14,6,23,0.323,629.29,49,35.0,-99
201980,Danny Green,Danny,PHI,0,2,1,1,0,0,0.0,18.45,2,36.0,0
203957,Dante Exum,Dante,DAL,428,149,157,22,5,49,0.491,1087.6216666666667,55,28.0,239
1627863,Danuel House Jr.,Danuel,PHI,144,58,28,15,5,19,0.3,509.055,34,30.0,20
203967,Dario Saric,Dario,GSW,515,283,144,31,10,78,0.376,1097.7516666666668,64,30.0,-21
1641727,Dariq Whitehead,Dariq,BKN,3,4,3,0,1,0,0.0,23.983333333333334,2,19.0,-22
1629647,Darius Bazley,Darius,UTA,48,28,7,6,7,8,0.25,151.825,9,23.0,-33
1629636,Darius Garland,Darius,CLE,1028,152,373,74,7,176,0.371,1900.4383333333333,57,24.0,112
1630561,David Duke Jr.,David,SAS,26,10,5,2,0,3,0.5,51.35,4,24.0,6
1631223,David Roddy,David,PHX,425,211,80,27,11,57,0.293,1176.9816666666666,65,23.0,-225
1630558,Davion Mitchell,Davion,SAC,379,95,134,17,3,43,0.361,1101.1,72,25.0,-45
202722,Davis Bertans,Davis,CHA,290,61,35,26,12,18,0.38,674.0716666666667,43,31.0,-74
1630549,Day'Ron Sharpe,Day'Ron,BKN,415,389,85,24,44,70,0.267,920.575,61,22.0,64
1628368,De'Aaron Fox,De'Aaron,SAC,1966,340,418,150,31,194,0.369,2658.7633333333333,74,26.0,233
1629631,De'Andre Hunter,De'Andre,ATL,891,222,87,40,16,83,0.385,1681.0933333333332,57,26.0,-49
1629001,De'Anthony Melton,De'Anthony,PHI,421,141,114,60,16,39,0.36,1023.3316666666667,38,26.0,218
201599,DeAndre Jordan,DeAndre,DEN,142,157,26,6,16,23,0.0,395.71666666666664,36,35.0,-88
1630610,DeJon Jarreau,DeJon,MEM,43,44,26,6,2,9,0.308,149.54666666666665,9,26.0,-24
201942,DeMar DeRozan,DeMar,CHI,1897,340,421,90,45,135,0.333,2988.568333333333,79,34.0,-62
1629731,Dean Wade,Dean,CLE,291,218,43,40,25,20,0.391,1108.08,54,27.0,177
1629028,Deandre Ayton,Deandre,POR,920,609,90,56,42,99,0.1,1783.4983333333332,55,25.0,-318
1627749,Dejounte Murray,Dejounte,ATL,1753,416,502,111,24,201,0.363,2783.3433333333332,78,27.0,-154
1626153,Delon Wright,Delon,MIA,210,86,119,54,11,14,0.368,741.5666666666667,47,32.0,13
1630166,Deni Avdija,Deni,WAS,1102,540,286,59,36,160,0.374,2256.6433333333334,75,23.0,-329
203471,Dennis Schroder,Dennis,BKN,1122,242,488,63,17,153,0.375,2485.945,80,30.0,-126
1628372,Dennis Smith Jr.,Dennis,BKN,369,164,203,68,12,68,0.294,1058.6583333333333,56,26.0,-36
1641726,Dereck Lively II,Dereck,DAL,483,378,60,36,77,50,0.0,1294.2816666666668,55,20.0,144
1631220,Dereon Seabron,Dereon,NOP,14,7,5,2,1,0,0.5,55.083333333333336,6,24.0,28
1627884,Derrick Jones Jr.,Derrick,DAL,657,250,75,53,51,65,0.343,1782.8566666666666,76,27.0,55
201565,Derrick Rose,Derrick,MEM,191,45,78,8,2,31,0.366,399.33666666666664,24,35.0,-33
1628401,Derrick White,Derrick,BOS,1107,310,377,74,87,112,0.396,2380.985,73,29.0,619
1630217,Desmond Bane,Desmond,MEM,997,185,230,43,22,112,0.381,1442.8483333333334,42,25.0,-201
1626164,Devin Booker,Devin,PHX,1841,308,472,61,28,178,0.364,2446.6566666666668,68,27.0,316
1630170,Devin Vassell,Devin,SAS,1323,261,277,73,23,108,0.372,2247.7433333333333,68,23.0,-291
1628984,Devonte' Graham,Devonte',SAS,114,36,49,9,2,17,0.301,312.92333333333335,23,29.0,23
1641926,Dexter Dennis,Dexter,DAL,22,9,4,0,1,3,0.125,29.866666666666667,4,25.0,-9
1628415,Dillon Brooks,Dillon,HOU,915,246,119,64,10,88,0.359,2226.7383333333332,72,28.0,-21
1631376,Dmytro Skapintsev,Dmytro,NYK,0,0,0,0,0,0,0.0,2.1333333333333333,2,26.0,0
1627734,Domantas Sabonis,Domantas,SAC,1593,1120,673,74,48,272,0.379,2928.0216666666665,82,28.0,69
1631230,Dominick Barlow,Dominick,SAS,144,113,36,12,14,9,0.333,419.54,33,21.0,-32
1628378,Donovan Mitchell,Donovan,CLE,1463,280,333,101,30,154,0.368,1942.65,55,27.0,325
1628978,Donte DiVincenzo,Donte,NYK,1259,297,216,107,36,113,0.401,2360.3933333333334,81,27.0,162
1627827,Dorian Finney-Smith,Dorian,BKN,580,317,107,56,38,59,0.348,1934.5933333333332,68,31.0,-107
203926,Doug McDermott,Doug,IND,351,59,70,16,2,28,0.41,904.4783333333334,64,32.0,-143
203110,Draymond Green,Draymond,GSW,475,398,332,55,47,135,0.395,1490.1833333333334,55,34.0,171
1629234,Drew Eubanks,Drew,PHX,379,322,63,27,61,61,1.0,1168.705,75,27.0,-106
1641809,Drew Peterson,Drew,BOS,11,1,1,2,0,1,0.6,22.683333333333334,3,24.0,8
1630696,Dru Smith,Dru,MIA,39,14,14,9,3,5,0.412,130.895,9,26.0,-43
1629130,Duncan Robinson,Duncan,MIA,875,173,192,46,16,95,0.395,1905.4483333333333,68,30.0,38
1641871,Duop Reath,Duop,POR,617,250,67,33,38,52,0.359,1214.115,68,27.0,-188
203939,Dwight Powell,Dwight,DAL,208,214,84,26,20,32,0.333,836.3033333333333,63,32.0,3
1629685,Dylan Windler,Dylan,ATL,43,16,10,2,0,2,0.481,108.41,17,27.0,-16
1630700,Dyson Daniels,Dyson,NOP,354,236,164,85,25,59,0.311,1358.525,61,21.0,71
1630604,E.J. Liddell,E.J.,NOP,4,5,1,2,2,2,0.0,23.083333333333332,8,23.0,-4
1641734,Emoni Bates,Emoni,CLE,41,14,10,1,2,8,0.303,132.815,15,20.0,-84
201569,Eric Gordon,Eric,PHX,749,122,139,66,30,73,0.378,1892.63,68,35.0,131
1630647,Eugene Omoruyi,Eugene,WAS,207,85,35,27,5,21,0.283,393.3066666666667,43,27.0,-138
203095,Evan Fournier,Evan,DET,220,58,48,29,7,21,0.254,579.6733333333333,32,31.0,-140
1630596,Evan Mobley,Evan,CLE,785,468,160,45,72,90,0.373,1532.35,50,22.0,33
1630196,Filip Petrusev,Filip,SAC,3,1,0,0,0,0,0.0,9.31,3,24.0,6
1628373,Frank Ntilikina,Frank,CHA,5,6,4,0,0,1,0.125,42.9,5,25.0,-1
1630532,Franz Wagner,Franz,ORL,1421,381,269,76,28,137,0.281,2337.4166666666665,72,22.0,204
1627832,Fred VanVleet,Fred,HOU,1270,278,589,101,59,126,0.387,2684.4266666666667,73,30.0,183
1627788,Furkan Korkmaz,Furkan,PHI,88,30,25,14,3,10,0.35,299.9266666666667,35,26.0,45
1641713,GG Jackson,GG,MEM,699,196,59,28,24,65,0.357,1233.165,48,19.0,-194
1629216,Gabe Vincent,Gabe,LAL,34,9,21,9,0,5,0.107,217.635,11,27.0,31
202066,Garrett Temple,Garrett,TOR,88,45,28,12,3,14,0.3,288.75333333333333,27,38.0,-79
1629726,Garrison Mathews,Garrison,ATL,325,92,37,20,8,19,0.44,992.1216666666667,66,27.0,-97
203914,Gary Harris,Gary,ORL,372,91,87,49,14,31,0.371,1297.3466666666666,54,29.0,91
1627780,Gary Payton II,Gary,GSW,240,113,48,39,18,27,0.364,679.9,44,31.0,83
1629018,Gary Trent Jr.,Gary,TOR,974,188,119,77,10,47,0.393,1993.5983333333334,71,25.0,-194
1627777,Georges Niang,Georges,CLE,768,278,98,30,18,72,0.376,1831.125,82,30.0,31
203507,Giannis Antetokounmpo,Giannis,MIL,2222,841,476,87,79,250,0.274,2567.2433333333333,73,29.0,339
1629048,Goga Bitadze,Goga,ORL,311,286,79,32,72,44,0.143,957.0866666666667,62,24.0,26
202330,Gordon Hayward,Gordon,OKC,500,181,158,40,13,66,0.411,1245.25,51,34.0,-134
1641711,Gradey Dick,Gradey,TOR,510,132,68,34,2,50,0.365,1267.6683333333333,60,20.0,-378
1629684,Grant Williams,Grant,CHA,784,318,174,44,39,109,0.375,2129.56,76,25.0,-244
1628960,Grayson Allen,Grayson,PHX,1014,295,227,69,45,95,0.461,2513.3,75,28.0,262
1630535,Greg Brown III,Greg,DAL,15,9,4,0,4,4,0.333,39.74333333333333,6,22.0,-9
1630611,Gui Santos,Gui,GSW,82,49,14,4,2,7,0.37,192.09,23,21.0,16
1628977,Hamidou Diallo,Hamidou,WAS,2,2,1,2,0,1,0.0,4.75,2,25.0,4
203084,Harrison Barnes,Harrison,SAC,1000,249,99,54,12,58,0.387,2380.87,82,32.0,-80
1628385,Harry Giles III,Harry,LAL,56,30,6,2,3,6,0.214,99.92,23,26.0,-41
1629312,Haywood Highsmith,Haywood,MIA,405,210,70,53,30,34,0.396,1365.835,66,27.0,7
1630929,Henri Drell,Henri,CHI,11,4,4,2,1,2,0.333,29.916666666666668,4,24.0,6
1630529,Herbert Jones,Herbert,NOP,837,272,199,105,62,93,0.418,2321.4283333333333,76,25.0,231
1641816,Hunter Tyson,Hunter,DEN,20,9,2,1,0,2,0.286,47.97666666666667,18,23.0,8
1630641,Ibou Badji,Ibou,POR,34,51,13,3,20,15,0.0,225.81833333333333,22,21.0,-90
1630193,Immanuel Quickley,Immanuel,TOR,1156,259,331,50,10,101,0.395,1985.3366666666666,68,24.0,-34
1630171,Isaac Okoro,Isaac,CLE,647,207,132,57,34,54,0.391,1887.0566666666666,69,23.0,40
1628392,Isaiah Hartenstein,Isaiah,NYK,582,626,188,87,85,93,0.333,1896.3483333333334,75,26.0,406
1630543,Isaiah Jackson,Isaiah,IND,383,238,50,34,61,39,0.0,770.905,60,22.0,29
1630198,Isaiah Joe,Isaiah,OKC,636,180,99,46,22,47,0.416,1444.8666666666666,78,24.0,352
1630587,Isaiah Livers,Isaiah,DET,114,48,25,13,5,16,0.286,469.39666666666665,23,25.0,-199
1630600,Isaiah Mobley,Isaiah,CLE,23,10,6,2,0,2,0.3,71.92166666666667,10,24.0,-30
1630191,Isaiah Stewart,Isaiah,DET,503,305,73,17,38,66,0.383,1422.8166666666666,46,23.0,-133
202738,Isaiah Thomas,Isaiah,PHX,8,0,3,0,0,0,0.5,19.383333333333333,6,35.0,-14
1631209,Isaiah Wong,Isaiah,IND,2,0,0,0,0,0,0.0,4.283333333333333,1,23.0,-5
202397,Ish Smith,Ish,CHA,139,76,145,17,4,47,0.5,740.8466666666667,43,35.0,-280
1630688,Ish Wainright,Ish,PHX,23,14,1,4,1,2,0.35,62.39,11,29.0,-4
1627826,Ivica Zubac,Ivica,LAC,794,626,93,22,83,79,0.0,1794.4483333333333,68,27.0,184
1631167,Izaiah Brockington,Izaiah,NOP,4,2,0,0,0,0,0.0,3.3833333333333333,1,24.0,3
1631120,JD Davison,JD,BOS,16,10,10,1,1,2,0.429,39.01,8,21.0,23
1630550,JT Thor,JT,CHA,199,146,29,11,27,15,0.346,780.6266666666667,63,21.0,-49
1629630,Ja Morant,Ja,MEM,226,50,73,7,5,27,0.275,317.925,9,24.0,11
201580,JaVale McGee,JaVale,SAC,185,126,17,14,20,34,0.143,339.3616666666667,46,36.0,7
1631095,Jabari Smith Jr.,Jabari,HOU,1044,616,121,52,61,89,0.363,2423.845,76,21.0,-84
1631133,Jabari Walker,Jabari,POR,638,508,71,42,22,66,0.295,1700.5733333333333,72,21.0,-338
1631298,Jack White,Jack,MEM,6,12,1,4,1,2,0.2,63.64833333333333,4,26.0,-28
1631367,Jacob Gilyard,Jacob,BKN,173,46,137,33,5,30,0.405,698.405,41,25.0,-172
1631210,Jacob Toppin,Jacob,NYK,13,7,3,0,1,1,0.25,38.151666666666664,9,24.0,-16
1630702,Jaden Hardy,Jaden,DAL,530,131,109,22,4,62,0.362,989.2133333333334,73,21.0,-126
1631093,Jaden Ivey,Jaden,DET,1185,264,296,57,41,190,0.336,2217.4766666666665,77,22.0,-350
1630183,Jaden McDaniels,Jaden,MIN,757,224,101,63,42,87,0.337,2105.4533333333334,72,23.0,156
1630531,Jaden Springer,Jaden,BOS,163,78,44,36,15,34,0.208,506.995,49,21.0,-28
203109,Jae Crowder,Jae,MIL,312,161,66,38,9,23,0.349,1155.6983333333333,50,33.0,-69
1630256,Jae'Sean Tate,Jae'Sean,HOU,265,197,64,42,15,37,0.299,1031.4566666666667,65,28.0,78
1630186,Jahmi'us Ramsey,Jahmi'us,TOR,47,22,8,7,0,7,0.273,121.085,7,22.0,-28
1631170,Jaime Jaquez Jr.,Jaime,MIA,889,285,195,77,20,110,0.322,2113.195,75,23.0,108
1631222,Jake LaRavia,Jake,MEM,379,128,58,29,12,45,0.34,805.55,35,22.0,-114
1627751,Jakob Poeltl,Jakob,TOR,555,429,127,35,76,77,0.0,1319.1083333333333,50,28.0,-17
1628973,Jalen Brunson,Jalen,NYK,2212,278,519,70,13,186,0.401,2726.3033333333333,77,27.0,512
1630622,Jalen Crutcher,Jalen,NOP,0,0,0,0,0,0,0.0,2.65,1,24.0,1
1631105,Jalen Duren,Jalen,DET,841,709,147,33,47,129,0.0,1777.4816666666666,61,20.0,-311
1630224,Jalen Green,Jalen,HOU,1610,423,291,66,28,191,0.332,2601.3816666666667,82,22.0,31
1641720,Jalen Hood-Schifino,Jalen,LAL,34,13,8,3,2,9,0.133,108.98333333333333,21,20.0,-54
1630552,Jalen Johnson,Jalen,ATL,896,488,203,67,47,101,0.355,1888.8666666666666,56,22.0,-76
1629667,Jalen McDaniels,Jalen,TOR,169,79,37,19,6,30,0.169,538.0066666666667,50,26.0,-162
1629618,Jalen Pickett,Jalen,DEN,42,14,21,4,0,9,0.36,121.78833333333333,27,24.0,-1
1641771,Jalen Slawson,Jalen,SAC,8,7,2,1,1,2,0.0,36.975,12,24.0,-6
1630188,Jalen Smith,Jalen,IND,601,337,63,17,38,44,0.424,1046.625,61,24.0,-13
1630591,Jalen Suggs,Jalen,ORL,943,229,205,106,47,132,0.397,2024.59,75,22.0,45
1631114,Jalen Williams,Jalen,OKC,1355,282,322,80,45,123,0.427,2223.5983333333334,71,23.0,383
1630592,Jalen Wilson,Jalen,BKN,214,131,45,11,4,19,0.324,664.5366666666666,43,23.0,-4
1631288,Jamal Cain,Jamal,MIA,97,37,10,10,5,8,0.355,259.09166666666664,26,25.0,-27
1627750,Jamal Murray,Jamal,DEN,1250,242,384,57,39,125,0.425,1861.37,59,27.0,311
1631123,Jamaree Bouyea,Jamaree,SAS,21,19,11,1,0,9,0.111,94.9,9,24.0,-15
1630547,James Bouknight,James,CHA,50,9,6,1,1,2,0.433,80.9,14,23.0,-11
201935,James Harden,James,LAC,1192,369,614,77,57,185,0.381,2469.6683333333335,72,34.0,291
201949,James Johnson,James,IND,8,4,8,5,1,5,0.0,47.195,9,37.0,5
1630164,James Wiseman,James,DET,446,336,54,12,39,66,0.0,1091.0433333333333,63,23.0,-325
1641716,Jarace Walker,Jarace,IND,120,63,40,15,11,17,0.4,340.42333333333335,33,20.0,19
1630215,Jared Butler,Jared,WAS,251,58,126,29,8,50,0.308,565.6516666666666,40,23.0,-48
1631197,Jared Rhoden,Jared,DET,83,33,14,3,13,7,0.387,245.01666666666668,17,24.0,-39
1628991,Jaren Jackson Jr.,Jaren,MEM,1486,365,154,80,106,160,0.32,2124.18,66,24.0,-340
1629020,Jarred Vanderbilt,Jarred,LAL,150,138,36,36,5,28,0.296,581.2366666666667,29,25.0,43
1628386,Jarrett Allen,Jarrett,CLE,1271,811,210,53,81,121,0.0,2442.0616666666665,77,26.0,201
1630554,Jason Preston,Jason,UTA,12,17,16,2,1,2,0.0,71.13333333333334,7,24.0,23
1631241,Javon Freeman-Liberty,Javon,TOR,153,70,40,10,4,25,0.238,403.03833333333336,22,24.0,-159
1629750,Javonte Green,Javonte,CHI,110,67,5,10,8,7,0.37,230.4,9,30.0,28
1630606,Javonte Smart,Javonte,PHI,0,0,0,0,0,0,0.0,0.6666666666666666,1,24.0,-3
1629637,Jaxson Hayes,Jaxson,LAL,303,211,33,34,29,43,0.0,877.1333333333333,70,24.0,-107
1630643,Jay Huff,Jay,DEN,23,11,2,2,3,1,0.333,49.325,20,26.0,-9
1627759,Jaylen Brown,Jaylen,BOS,1610,387,249,83,37,166,0.354,2342.5216666666665,70,27.0,413
1629669,Jaylen Nowell,Jaylen,DET,81,24,19,4,2,7,0.207,213.76333333333332,13,24.0,-33
1631119,Jaylin Williams,Jaylin,OKC,276,234,110,28,27,34,0.368,896.9466666666667,69,21.0,124
1628369,Jayson Tatum,Jayson,BOS,1987,601,364,75,43,188,0.376,2645.213333333333,74,26.0,608
1630288,Jeff Dowtin Jr.,Jeff,PHI,52,20,27,7,1,5,0.474,142.01666666666668,12,27.0,21
201145,Jeff Green,Jeff,HOU,509,178,70,16,31,46,0.331,1307.3383333333334,78,37.0,-77
203924,Jerami Grant,Jerami,POR,1132,191,152,45,34,116,0.402,1830.1866666666667,54,30.0,-351
1630526,Jeremiah Robinson-Earl,Jeremiah,NOP,115,76,21,10,4,16,0.333,334.31333333333333,39,23.0,-22
1631110,Jeremy Sochan,Jeremy,SAS,861,476,249,62,40,140,0.308,2193.095,74,21.0,-344
1630579,Jericho Sims,Jericho,NYK,92,147,25,8,19,16,0.0,584.7833333333333,45,25.0,-10
1631257,Jermaine Samuels Jr.,Jermaine,HOU,20,13,3,1,2,0,0.0,60.13166666666667,14,25.0,-13
1629010,Jerome Robinson,Jerome,GSW,31,6,5,1,3,2,0.118,80.71666666666667,22,27.0,27
1641724,Jett Howard,Jett,ORL,29,7,6,2,2,3,0.28,66.51666666666667,18,20.0,4
1628975,Jevon Carter,Jevon,CHI,357,60,94,37,16,36,0.329,1003.6016666666667,72,28.0,27
202710,Jimmy Butler,Jimmy,MIA,1246,318,298,79,17,102,0.414,2042.0583333333334,60,34.0,215
1629111,Jock Landale,Jock,HOU,274,172,65,20,33,31,0.25,763.46,56,28.0,161
203925,Joe Harris,Joe,DET,39,13,10,3,2,4,0.333,169.97833333333332,16,32.0,-48
204060,Joe Ingles,Joe,ORL,296,142,203,43,5,67,0.435,1169.0316666666668,68,36.0,165
203954,Joel Embiid,Joel,PHI,1353,430,219,46,66,150,0.388,1309.3716666666667,39,30.0,267
1628381,John Collins,John,UTA,1027,575,77,40,61,98,0.371,1901.06,68,26.0,-307
1629723,John Konchar,John,MEM,235,257,110,51,51,46,0.317,1173.5733333333333,55,28.0,-151
1631098,Johnny Davis,Johnny,WAS,152,72,32,18,10,13,0.35,613.48,50,22.0,-150
1630548,Johnny Juzang,Johnny,UTA,144,36,23,4,2,13,0.416,371.80333333333334,20,23.0,-8
202685,Jonas Valanciunas,Jonas,NOP,1002,721,173,33,68,111,0.308,1924.8316666666667,82,32.0,158
1628371,Jonathan Isaac,Jonathan,ORL,393,260,30,43,70,27,0.375,914.61,58,26.0,182
1630228,Jonathan Kuminga,Jonathan,GSW,1188,355,163,55,36,122,0.321,1949.5133333333333,74,21.0,125
1629007,Jontay Porter,Jontay,TOR,115,82,60,20,20,21,0.333,359.73833333333334,26,24.0,-72
203903,Jordan Clarkson,Jordan,UTA,942,188,277,35,6,146,0.294,1682.3416666666667,55,31.0,-191
1630259,Jordan Ford,Jordan,SAC,12,2,2,0,0,1,0.667,21.816666666666666,6,26.0,14
1630692,Jordan Goodwin,Jordan,MEM,368,253,155,48,18,56,0.298,1055.77,57,25.0,-93
1641722,Jordan Hawkins,Jordan,NOP,524,148,70,19,7,40,0.366,1160.58,67,22.0,12
1629162,Jordan McLaughlin,Jordan,MIN,195,72,110,35,7,19,0.472,626.12,56,28.0,155
1641757,Jordan Miller,Jordan,LAC,13,5,0,0,0,1,0.5,28.191666666666666,8,24.0,-13
1629670,Jordan Nwora,Jordan,TOR,364,149,62,26,13,53,0.336,711.3933333333333,52,25.0,-199
1629673,Jordan Poole,Jordan,WAS,1356,212,343,86,25,188,0.326,2345.555,78,24.0,-552
1641775,Jordan Walsh,Jordan,BOS,15,20,5,5,1,3,0.222,83.47333333333333,9,20.0,47
1630631,Jose Alvarado,Jose,NOP,397,128,117,59,15,40,0.377,1028.37,56,26.0,240
1630581,Josh Giddey,Josh,OKC,986,514,386,52,44,168,0.337,2011.5583333333334,80,21.0,376
1630182,Josh Green,Josh,DAL,469,184,130,47,9,60,0.385,1504.72,57,23.0,-100
1628404,Josh Hart,Josh,NYK,761,675,331,75,23,118,0.31,2706.7716666666665,81,29.0,346
1631169,Josh Minott,Josh,MIN,50,17,8,5,5,2,0.4,91.42833333333333,32,21.0,20
1629006,Josh Okogie,Josh,PHX,277,154,64,48,24,36,0.309,959.715,60,25.0,6
1626196,Josh Richardson,Josh,MIA,425,121,105,24,14,36,0.347,1102.83,43,30.0,-107
1630563,Joshua Primo,Joshua,LAC,2,1,0,0,1,4,0.0,10.266666666666667,2,21.0,-1
201950,Jrue Holiday,Jrue,BOS,860,373,333,61,53,124,0.429,2263.278333333333,69,33.0,427
1629308,Juan Toscano-Anderson,Juan,SAC,7,14,4,1,1,2,0.25,52.663333333333334,11,31.0,-9
1631262,Jules Bernard,Jules,WAS,74,26,16,3,1,8,0.379,149.275,19,24.0,26
1630577,Julian Champagnie,Julian,SAS,504,206,103,48,42,57,0.365,1467.875,74,22.0,-141
1641763,Julian Phillips,Julian,CHI,89,36,13,7,7,10,0.316,322.55,40,20.0,-4
1631124,Julian Strawther,Julian,DEN,227,61,47,17,7,23,0.297,545.415,50,22.0,-103
203944,Julius Randle,Julius,NYK,1102,423,229,25,12,159,0.311,1630.095,46,29.0,218
1630551,Justin Champagnie,Justin,WAS,89,53,19,10,9,10,0.289,234.83833333333334,15,22.0,-59
203200,Justin Holiday,Justin,DEN,234,71,67,36,9,14,0.404,862.0133333333333,58,35.0,55
1628382,Justin Jackson,Justin,MIN,0,0,0,0,0,0,0.0,0.7,2,29.0,0
1631303,Justin Minaya,Justin,POR,61,56,21,9,10,9,0.245,380.98333333333335,34,25.0,-81
203994,Jusuf Nurkic,Jusuf,PHX,829,837,301,81,80,175,0.244,2078.035,76,29.0,404
1630231,KJ Martin,KJ,PHI,224,131,51,22,12,32,0.286,746.495,60,23.0,-7
1629232,Kaiser Gates,Kaiser,NOP,0,1,0,0,0,0,0.0,7.433333333333334,1,27.0,-2
1626157,Karl-Anthony Towns,Karl-Anthony,MIN,1349,515,189,43,41,177,0.416,2025.565,62,28.0,321
202695,Kawhi Leonard,Kawhi,LAC,1613,416,244,111,59,119,0.417,2330.04,68,32.0,392
1631099,Keegan Murray,Keegan,SAC,1172,420,129,79,59,64,0.358,2588.5666666666666,77,23.0,138
1628966,Keita Bates-Diop,Keita,BKN,197,110,38,25,22,15,0.304,664.59,53,28.0,-55
1629640,Keldon Johnson,Keldon,SAS,1084,377,195,51,20,100,0.346,2038.3616666666667,69,24.0,-347
203482,Kelly Olynyk,Kelly,TOR,762,411,347,74,30,152,0.387,1758.73,78,33.0,-262
1626162,Kelly Oubre Jr.,Kelly,PHI,1049,341,101,77,47,87,0.311,2055.32,68,28.0,-25
1631112,Kendall Brown,Kendall,IND,21,5,5,0,0,2,0.0,62.50833333333333,15,21.0,-24
1631254,Kenneth Lofton Jr.,Kenneth,UTA,96,38,33,6,5,14,0.292,198.30166666666668,21,21.0,-11
1629026,Kenrich Williams,Kenrich,OKC,325,209,93,38,9,32,0.397,1029.0066666666667,69,29.0,152
203484,Kentavious Caldwell-Pope,Kentavious,DEN,766,183,183,98,42,75,0.406,2401.7566666666667,76,31.0,572
1631165,Keon Ellis,Keon,SAC,310,124,85,51,29,37,0.417,978.485,57,24.0,93
1630553,Keon Johnson,Keon,BKN,31,7,3,3,1,5,0.4,61.401666666666664,5,22.0,-25
1630556,Kessler Edwards,Kessler,SAC,93,42,15,10,4,4,0.385,274.7416666666667,54,23.0,-45
201142,Kevin Durant,Kevin,PHX,2032,495,378,69,91,244,0.413,2790.6366666666668,75,35.0,291
1628989,Kevin Huerter,Kevin,SAC,655,224,166,45,23,53,0.361,1562.2266666666667,64,25.0,75
1628995,Kevin Knox II,Kevin,DET,223,75,23,13,7,22,0.33,560.2333333333333,31,24.0,-85
201567,Kevin Love,Kevin,MIA,485,338,115,18,10,48,0.344,924.2633333333333,55,35.0,109
1630284,Kevon Harris,Kevon,ORL,4,2,1,0,0,1,0.0,6.05,2,26.0,0
1626172,Kevon Looney,Kevon,GSW,334,419,133,28,29,50,0.0,1194.4283333333333,74,28.0,38
1641749,Keyontae Johnson,Keyontae,OKC,11,10,4,1,0,4,0.333,66.2,9,24.0,-7
1641718,Keyonte George,Keyonte,UTA,974,211,332,36,7,188,0.334,2022.5766666666666,75,20.0,-374
203114,Khris Middleton,Khris,MIL,828,257,292,51,15,127,0.381,1487.27,55,32.0,125
1630165,Killian Hayes,Killian,DET,289,119,205,36,20,51,0.297,1007.6583333333333,42,22.0,-244
1630184,Kira Lewis Jr.,Kira,UTA,89,26,37,9,2,14,0.121,264.2366666666667,28,23.0,-67
202691,Klay Thompson,Klay,GSW,1375,254,176,50,35,117,0.387,2284.1683333333335,77,34.0,7
1641738,Kobe Brown,Kobe,LAC,89,62,25,12,6,9,0.292,393.99833333333333,44,24.0,-92
1641723,Kobe Bufkin,Kobe,ATL,81,33,27,7,5,10,0.225,196.00333333333333,17,20.0,-35
1628424,Kobi Simmons,Kobi,TOR,20,7,12,6,2,1,0.25,67.43333333333334,4,26.0,-31
1627739,Kris Dunn,Kris,UTA,357,189,254,68,28,79,0.369,1249.1766666666667,66,30.0,14
1631200,Kris Murray,Kris,POR,376,224,80,53,21,55,0.268,1348.2716666666668,62,23.0,-164
204001,Kristaps Porzingis,Kristaps,BOS,1145,409,115,42,111,89,0.375,1689.9483333333333,57,28.0,417
203937,Kyle Anderson,Kyle,MIN,506,273,331,71,47,91,0.229,1781.8816666666667,79,30.0,167
1628398,Kyle Kuzma,Kyle,WAS,1553,464,296,37,49,192,0.336,2281.141666666667,70,28.0,-562
200768,Kyle Lowry,Kyle,PHI,487,194,253,59,21,85,0.392,1689.7666666666667,60,38.0,2
202681,Kyrie Irving,Kyrie,DAL,1487,290,299,74,28,106,0.411,2029.6083333333333,58,32.0,277
1630163,LaMelo Ball,LaMelo,CHA,526,113,176,40,4,83,0.355,711.35,22,22.0,-139
1630205,Lamar Stevens,Lamar,MEM,272,127,28,23,22,24,0.304,559.0133333333333,38,26.0,9
1629013,Landry Shamet,Landry,WAS,327,62,54,25,10,30,0.338,726.4966666666667,46,27.0,-149
1626204,Larry Nance Jr.,Larry,NOP,350,307,113,61,19,49,0.415,1216.1383333333333,61,31.0,71
1628374,Lauri Markkanen,Lauri,UTA,1278,449,110,50,26,77,0.399,1819.7466666666667,55,27.0,21
2544,LeBron James,LeBron,LAL,1822,518,589,89,38,245,0.41,2503.6833333333334,71,39.0,218
1641778,Leaky Black,Leaky,CHA,69,48,24,8,11,6,0.45,284.08166666666665,26,24.0,-27
1631159,Leonard Miller,Leonard,MIN,29,20,8,2,1,1,0.4,52.4,17,20.0,8
1631311,Lester Quinones,Lester,GSW,164,72,36,6,2,17,0.364,394.455,37,23.0,17
1629623,Lindell Wigginton,Lindell,MIL,6,0,0,0,0,1,0.0,7.63,3,26.0,-10
1630322,Lindy Waters III,Lindy,OKC,137,40,24,5,7,7,0.435,280.2083333333333,38,26.0,-35
1629022,Lonnie Walker IV,Lonnie,BKN,565,127,74,32,20,51,0.384,1011.14,58,25.0,5
1629652,Luguentz Dort,Luguentz,OKC,860,284,113,71,47,74,0.394,2245.971666666667,79,25.0,347
1629029,Luka Doncic,Luka,DAL,2370,647,686,99,38,282,0.382,2624.04,70,25.0,319
1630568,Luka Garza,Luka,MIN,99,31,4,4,1,6,0.281,121.84,25,25.0,7
1629677,Luka Samanic,Luka,UTA,177,102,19,5,7,28,0.203,404.37666666666667,43,24.0,-51
1628379,Luke Kennard,Luke,MEM,429,113,136,20,2,54,0.45,999.0466666666666,39,27.0,-187
1628436,Luke Kornet,Luke,BOS,334,261,67,23,61,21,1.0,983.31,63,28.0,218
1630201,Malachi Flynn,Malachi,DET,380,114,130,38,8,63,0.331,876.9216666666666,69,26.0,-179
1631103,Malaki Branham,Malaki,SAS,690,148,156,27,8,91,0.347,1594.3266666666666,75,21.0,-373
1627763,Malcolm Brogdon,Malcolm,POR,613,148,214,27,8,60,0.412,1120.8166666666666,39,31.0,-81
1630608,Malcolm Cazalon,Malcolm,DET,0,0,0,0,0,0,0.0,2.5833333333333335,1,22.0,5
1627736,Malik Beasley,Malik,MIL,889,290,108,59,9,54,0.413,2337.3716666666664,79,27.0,291
1628370,Malik Monk,Malik,SAC,1110,212,370,45,39,150,0.35,1872.3066666666666,72,26.0,10
1642013,Malik Williams,Malik,TOR,19,38,2,3,4,3,0.2,106.50833333333334,7,25.0,-56
1629603,Mamadi Diakite,Mamadi,NYK,12,4,2,1,1,1,0.0,24.435,6,27.0,3
1641970,Maozinha Pereira,Maozinha,MEM,48,37,2,6,4,5,0.385,121.63333333333334,7,23.0,9
1630699,MarJon Beauchamp,MarJon,MIL,211,99,31,13,7,27,0.4,607.6883333333334,48,23.0,-12
202694,Marcus Morris Sr.,Marcus,CLE,316,134,36,15,13,30,0.403,816.9766666666667,49,34.0,-60
1631204,Marcus Sasser,Marcus,DET,586,125,236,44,12,90,0.375,1351.11,71,23.0,-250
203935,Marcus Smart,Marcus,MEM,289,53,86,41,5,62,0.313,604.845,20,30.0,-20
1631109,Mark Williams,Mark,CHA,242,184,22,16,20,17,0.0,508.39166666666665,19,22.0,-21
1628365,Markelle Fultz,Markelle,ORL,335,138,120,42,15,50,0.222,909.9383333333334,43,26.0,13
202693,Markieff Morris,Markieff,DAL,66,39,16,5,3,12,0.357,216.38833333333332,26,34.0,-57
1641806,Markquis Nowell,Markquis,TOR,2,2,2,1,0,0,0.0,3.5166666666666666,1,24.0,4
1629716,Marques Bolden,Marques,CHA,37,34,4,3,7,3,0.0,121.28,11,26.0,-16
1628963,Marvin Bagley III,Marvin,WAS,583,312,55,20,33,59,0.391,1053.3516666666667,50,25.0,-137
1630222,Mason Jones,Mason,SAC,7,5,5,1,0,2,0.286,27.683333333333334,5,25.0,-7
203486,Mason Plumlee,Mason,LAC,244,234,55,14,17,36,0.0,673.9266666666666,46,34.0,11
1629680,Matisse Thybulle,Matisse,POR,354,136,90,113,49,40,0.346,1487.3833333333334,65,27.0,-232
1630562,Matt Hurt,Matt,MEM,32,16,4,3,3,2,0.25,113.23833333333333,8,24.0,-12
1630346,Matt Ryan,Matt,NOP,152,40,18,6,1,19,0.451,390.385,28,27.0,13
1631108,Max Christie,Max,LAL,284,142,60,20,17,35,0.356,944.3183333333334,67,21.0,-17
1629622,Max Strus,Max,CLE,853,338,283,64,29,112,0.351,2239.175,70,28.0,254
1628467,Maxi Kleber,Maxi,DAL,191,143,68,17,30,28,0.348,871.4116666666666,43,32.0,124
1641721,Maxwell Lewis,Maxwell,LAL,11,4,6,2,1,10,0.111,102.825,34,21.0,-73
1630695,Micah Potter,Micah,UTA,53,43,6,4,6,5,0.429,186.06,16,26.0,-28
1629008,Michael Porter Jr.,Michael,DEN,1356,565,122,42,53,92,0.397,2564.605,81,25.0,472
1628969,Mikal Bridges,Mikal,BKN,1606,372,299,81,30,164,0.372,2854.24,82,27.0,-185
201144,Mike Conley,Mike,MIN,869,218,449,88,17,102,0.442,2193.4583333333335,76,36.0,274
203488,Mike Muscala,Mike,OKC,157,125,37,9,13,22,0.292,600.18,53,32.0,-90
1628970,Miles Bridges,Miles,CHA,1449,505,231,65,33,138,0.349,2581.116666666667,69,26.0,-633
1630540,Miles McBride,Miles,NYK,562,100,114,50,7,30,0.41,1327.74,68,23.0,-16
1629011,Mitchell Robinson,Mitchell,NYK,173,263,18,37,35,25,0.0,768.11,31,26.0,13
1628964,Mo Bamba,Mo,PHI,253,238,41,22,60,39,0.391,740.3516666666667,57,26.0,-47
1628420,Monte Morris,Monte,MIN,164,57,69,19,9,7,0.386,476.04333333333335,33,28.0,86
1629021,Moritz Wagner,Moritz,ORL,868,347,96,39,21,97,0.33,1414.7366666666667,80,27.0,93
1629650,Moses Brown,Moses,POR,75,86,7,5,7,11,0.0,199.97833333333332,22,24.0,-59
1630541,Moses Moody,Moses,GSW,533,196,57,42,24,44,0.36,1155.885,66,21.0,99
1631338,Mouhamadou Gueye,Mouhamadou,TOR,26,23,5,3,18,12,0.0,119.94166666666666,11,25.0,-80
1631243,Mouhamed Gueye,Mouhamed,ATL,24,22,4,5,4,1,0.333,72.8,6,21.0,-41
1631217,Moussa Diabate,Moussa,LAC,29,24,4,5,1,2,0.0,64.23833333333333,11,22.0,-2
1626167,Myles Turner,Myles,IND,1313,533,100,39,144,109,0.358,2076.4366666666665,77,28.0,220
1630230,Naji Marshall,Naji,NOP,466,240,128,49,12,65,0.387,1257.1233333333332,66,26.0,205
1629642,Nassir Little,Nassir,PHX,152,75,21,10,10,14,0.3,458.28333333333336,45,24.0,-88
1630207,Nate Hinton,Nate,HOU,33,22,10,3,2,3,0.5,74.55166666666666,15,24.0,13
1631466,Nate Williams,Nate,HOU,63,23,7,4,1,4,0.4,129.385,22,25.0,23
1641877,Nathan Mensah,Nathan,CHA,33,65,9,6,14,14,0.0,306.64166666666665,25,26.0,-133
1629675,Naz Reid,Naz,MIN,1090,423,106,63,73,111,0.414,1963.8283333333334,81,24.0,248
1629674,Neemias Queta,Neemias,BOS,154,122,20,13,21,13,0.0,333.21666666666664,28,24.0,135
1629651,Nic Claxton,Nic,BKN,841,706,147,46,146,93,0.2,2115.6633333333334,71,25.0,-278
1630208,Nick Richards,Nick,CHA,652,539,54,26,74,73,0.0,1758.7366666666667,67,26.0,-429
1641733,Nick Smith Jr.,Nick,CHA,302,72,59,10,7,39,0.432,728.71,51,20.0,-194
1629638,Nickeil Alexander-Walker,Nickeil,MIN,655,167,204,64,42,76,0.391,1920.9183333333333,82,25.0,312
201587,Nicolas Batum,Nicolas,PHI,320,248,128,48,38,40,0.395,1529.5866666666666,60,35.0,177
203999,Nikola Jokic,Nikola,DEN,2085,976,708,108,68,237,0.359,2736.5333333333333,79,29.0,682
1631107,Nikola Jovic,Nikola,MIA,352,192,90,25,14,42,0.399,896.2366666666667,46,20.0,149
202696,Nikola Vucevic,Nikola,CHI,1370,801,254,50,60,120,0.294,2609.5016666666666,76,33.0,-180
1641730,Noah Clowney,Noah,BKN,133,81,18,8,16,15,0.364,369.85833333333335,23,19.0,-54
1626181,Norman Powell,Norman,LAC,1056,195,82,43,22,66,0.435,1990.3783333333333,76,31.0,212
1628384,OG Anunoby,OG,NYK,733,208,107,68,36,81,0.382,1702.035,50,26.0,390
1630167,Obi Toppin,Obi,IND,843,320,128,47,43,69,0.403,1730.6016666666667,82,26.0,141
1630534,Ochai Agbaji,Ochai,TOR,455,216,83,47,44,64,0.294,1641.6116666666667,78,24.0,-250
1630846,Olivier Sarr,Olivier,OKC,34,36,2,0,7,3,0.333,98.20166666666667,15,25.0,1
1641765,Olivier-Maxence Prosper,Olivier-Maxence,DAL,121,79,22,7,4,8,0.289,336.21166666666664,40,21.0,-86
1630209,Omer Yurtseven,Omer,UTA,222,208,29,8,18,37,0.208,545.1016666666667,48,25.0,-133
1641931,Onuralp Bitim,Onuralp,CHI,80,32,13,3,2,10,0.273,267.9916666666667,23,25.0,-45
1630168,Onyeka Okongwu,Onyeka,ATL,561,376,74,26,60,45,0.333,1404.7366666666667,55,23.0,-34
1631115,Orlando Robinson,Orlando,MIA,99,84,34,7,8,18,0.533,303.69,36,23.0,12
1631131,Oscar Tshiebwe,Oscar,IND,26,16,2,2,1,0,0.0,41.916666666666664,8,24.0,14
1629052,Oshae Brissett,Oshae,BOS,201,160,44,19,8,20,0.273,630.165,55,25.0,114
203490,Otto Porter Jr.,Otto,TOR,39,29,8,5,5,2,0.348,174.07333333333332,15,30.0,22
1631172,Ousmane Dieng,Ousmane,OKC,133,51,37,8,5,19,0.3,364.9533333333333,33,21.0,1
200782,P.J. Tucker,P.J.,LAC,52,85,16,16,7,8,0.371,486.31333333333333,31,39.0,-24
1629023,P.J. Washington,P.J.,DAL,939,411,141,72,59,96,0.32,2220.6783333333333,73,25.0,-133
1631094,Paolo Banchero,Paolo,ORL,1804,554,431,71,47,247,0.339,2798.701666666667,80,21.0,1
1627783,Pascal Siakam,Pascal,IND,1737,565,342,63,25,141,0.346,2657.8883333333333,80,30.0,113
1626192,Pat Connaughton,Pat,MIL,428,239,161,40,19,49,0.345,1676.28,76,31.0,-14
1630311,Pat Spencer,Pat,GSW,4,4,5,0,0,1,0.0,25.65,6,27.0,-6
1631116,Patrick Baldwin Jr.,Patrick,WAS,168,123,29,18,15,19,0.32,493.5083333333333,38,21.0,-23
201976,Patrick Beverley,Patrick,MIL,451,239,212,43,31,65,0.337,1462.5116666666668,73,35.0,-61
1630172,Patrick Williams,Patrick,CHI,429,166,66,40,33,57,0.399,1174.085,43,22.0,-14
201988,Patty Mills,Patty,MIA,127,35,34,20,1,16,0.276,415.315,32,35.0,6
202331,Paul George,Paul,LAC,1671,388,262,113,37,153,0.413,2501.766666666667,74,34.0,461
1630194,Paul Reed,Paul,PHI,600,488,109,67,84,67,0.368,1589.5016666666668,82,24.0,96
1630202,Payton Pritchard,Payton,BOS,787,265,281,39,6,61,0.385,1825.7333333333333,82,26.0,449
1631250,Pete Nance,Pete,CLE,3,3,0,1,0,1,1.0,27.35,8,24.0,-23
1631212,Peyton Watson,Peyton,DEN,532,258,86,42,88,58,0.296,1487.8366666666666,80,21.0,-69
1630173,Precious Achiuwa,Precious,NYK,565,487,97,46,68,83,0.268,1623.7533333333333,74,24.0,-47
1629656,Quentin Grimes,Quentin,DET,359,100,66,35,7,28,0.338,1024.9433333333334,51,24.0,-39
1631245,Quenton Jackson,Quenton,IND,2,4,2,1,0,0,0.0,10.533333333333333,3,25.0,0
1630181,R.J. Hampton,R.J.,MIA,10,6,8,0,0,3,0.125,76.02166666666666,8,23.0,21
1629628,RJ Barrett,RJ,TOR,1170,315,193,31,22,126,0.36,1838.1333333333334,58,23.0,-153
1630564,RaiQuan Gray,RaiQuan,SAS,23,7,6,1,1,1,0.429,39.03333333333333,3,24.0,14
1641712,Rayan Rupert,Rayan,POR,155,92,62,12,3,31,0.359,633.225,39,19.0,-124
203493,Reggie Bullock Jr.,Reggie,HOU,96,73,15,12,5,10,0.403,417.47333333333336,44,33.0,-53
202704,Reggie Jackson,Reggie,DEN,833,155,308,44,12,106,0.359,1816.82,82,34.0,79
1626158,Richaun Holmes,Richaun,WAS,199,182,25,11,19,24,0.333,554.11,40,30.0,-90
1641741,Ricky Council IV,Ricky,PHI,173,46,16,8,1,5,0.375,288.64,32,22.0,12
203496,Robert Covington,Robert,PHI,127,97,24,39,18,11,0.339,488.415,29,33.0,104
1629057,Robert Williams III,Robert,POR,41,38,5,7,7,7,0.0,118.75,6,26.0,-30
201577,Robin Lopez,Robin,MIL,18,5,4,1,3,2,0.25,64.73,16,36.0,-23
1631199,Ron Harper Jr.,Ron,TOR,0,0,1,0,0,0,0.0,3.65,1,24.0,-9
1626220,Royce O'Neale,Royce,PHX,608,377,219,59,44,73,0.37,1954.2416666666666,79,30.0,117
203497,Rudy Gobert,Rudy,MIN,1061,982,102,52,162,118,0.0,2593.1133333333332,76,31.0,411
1629060,Rui Hachimura,Rui,LAL,923,294,81,41,25,46,0.422,1825.4933333333333,68,26.0,123
201566,Russell Westbrook,Russell,LAC,754,343,306,74,23,144,0.273,1528.8166666666666,68,35.0,104
1627853,Ryan Arcidiacono,Ryan,NYK,0,8,4,2,0,2,0.0,45.155,20,30.0,2
1631157,Ryan Rollins,Ryan,MIL,44,13,14,10,3,8,0.75,77.85,13,21.0,62
1630240,Saben Lee,Saben,PHX,71,31,30,7,3,8,0.125,184.97166666666666,24,24.0,15
1630180,Saddiq Bey,Saddiq,ATL,863,411,92,51,11,54,0.316,2061.6583333333333,63,25.0,-19
1630573,Sam Hauser,Sam,BOS,712,276,82,40,25,32,0.424,1740.585,79,26.0,492
1630241,Sam Merrill,Sam,CLE,485,120,108,19,4,19,0.404,1068.9183333333333,61,28.0,28
1630572,Sandro Mamukelashvili,Sandro,SAS,190,147,49,7,12,19,0.297,450.9583333333333,46,25.0,45
1630583,Santi Aldama,Santi,MEM,654,352,138,43,54,69,0.349,1618.0566666666666,61,23.0,-275
1628426,Sasha Vezenkov,Sasha,SAC,225,96,19,20,7,12,0.375,511.0733333333333,42,28.0,2
1630703,Scoot Henderson,Scoot,POR,868,194,336,48,13,212,0.325,1765.3933333333334,62,20.0,-495
1630567,Scottie Barnes,Scottie,TOR,1191,494,363,75,88,165,0.341,2094.2483333333334,60,22.0,-144
1630590,Scotty Pippen Jr.,Scotty,MEM,271,67,98,36,10,56,0.417,526.8283333333334,21,23.0,-72
203552,Seth Curry,Seth,CHA,226,68,44,22,6,21,0.352,615.4133333333333,44,33.0,60
1641754,Seth Lundy,Seth,ATL,14,7,0,0,0,1,0.231,51.983333333333334,9,24.0,-13
1631101,Shaedon Sharpe,Shaedon,POR,510,160,94,28,12,72,0.333,1059.0183333333334,32,21.0,-246
1628983,Shai Gilgeous-Alexander,Shai,OKC,2254,415,465,150,67,162,0.353,2552.6866666666665,75,25.0,613
1629003,Shake Milton,Shake,NYK,216,75,60,19,6,31,0.281,581.16,48,27.0,-46
1627885,Shaquille Harrison,Shaquille,MEM,2,2,0,0,1,0,0.0,5.966666666666667,3,30.0,-11
1631321,Sidy Cissoko,Sidy,SAS,45,22,10,7,3,3,0.083,140.91833333333332,12,20.0,25
1631323,Simone Fontecchio,Simone,DET,692,246,101,44,23,68,0.401,1643.8933333333334,66,28.0,-27
1630219,Skylar Mays,Skylar,LAL,155,43,85,21,4,20,0.296,433.27166666666665,38,26.0,-103
203915,Spencer Dinwiddie,Spencer,LAL,795,205,356,51,22,91,0.337,2152.4083333333333,76,31.0,67
1630649,Stanley Umude,Stanley,DET,127,51,11,8,7,14,0.453,307.12166666666667,24,25.0,-75
201939,Stephen Curry,Stephen,GSW,1956,330,379,54,28,210,0.408,2421.5383333333334,74,36.0,189
1629004,Svi Mykhailiuk,Svi,BOS,162,51,35,11,1,12,0.389,413.16333333333336,41,26.0,149
204456,T.J. McConnell,T.J.,IND,727,191,390,72,8,108,0.409,1290.9766666666667,71,32.0,95
203933,T.J. Warren,T.J.,MIN,41,22,9,4,1,4,0.154,124.67333333333333,11,30.0,51
201959,Taj Gibson,Taj,DET,34,37,11,3,7,5,0.2,204.50333333333333,20,38.0,-29
1629659,Talen Horton-Tucker,Talen,UTA,516,121,177,45,19,65,0.33,1008.6983333333334,51,23.0,-107
1631106,Tari Eason,Tari,HOU,215,153,27,31,19,20,0.36,480.105,22,23.0,88
1627752,Taurean Prince,Taurean,LAL,697,230,119,58,35,73,0.396,2107.6216666666664,78,30.0,-118
1641707,Taylor Hendricks,Taylor,UTA,292,185,32,28,30,27,0.379,856.4316666666666,40,20.0,-150
1631386,Taze Moore,Taze,POR,18,8,5,2,0,3,0.143,40.333333333333336,4,25.0,-22
1629611,Terance Mann,Terance,LAC,658,254,119,43,15,48,0.348,1872.8916666666667,75,27.0,52
1631173,Terquavion Smith,Terquavion,PHI,52,4,12,8,0,7,0.371,84.49666666666667,16,21.0,-7
1626179,Terry Rozier,Terry,MIA,1205,247,342,63,21,106,0.363,2040.3816666666667,61,30.0,-292
1630678,Terry Taylor,Terry,CHI,46,37,10,5,2,7,0.222,187.63,31,24.0,16
201152,Thaddeus Young,Thaddeus,PHX,137,103,57,23,5,15,0.143,439.50166666666667,33,35.0,-40
203648,Thanasis Antetokounmpo,Thanasis,MIL,32,13,17,7,4,14,0.0,155.43166666666667,34,31.0,-40
1630177,Theo Maledon,Theo,PHX,59,24,28,7,0,18,0.167,213.19666666666666,17,22.0,-65
1628418,Thomas Bryant,Thomas,MIA,217,141,23,10,16,21,0.182,441.365,38,26.0,11
203501,Tim Hardaway Jr.,Tim,DAL,1139,254,139,42,6,69,0.353,2120.3283333333334,79,32.0,13
1641851,Timmy Allen,Timmy,MEM,13,17,5,4,0,2,0.0,125.45166666666667,5,24.0,-65
202699,Tobias Harris,Tobias,PHI,1204,453,217,70,46,93,0.353,2367.78,70,31.0,224
1628470,Torrey Craig,Torrey,CHI,303,217,58,30,21,32,0.392,1048.6016666666667,53,33.0,-181
1641787,Tosan Evbuomwan,Tosan,DET,101,60,16,6,5,9,0.375,366.5783333333333,17,23.0,-128
1641739,Toumani Camara,Toumani,POR,527,343,87,66,33,84,0.337,1739.32,70,24.0,-189
1629027,Trae Young,Trae,ATL,1389,149,583,72,11,235,0.373,1941.7133333333334,54,25.0,-116
1631218,Trayce Jackson-Davis,Trayce,GSW,540,341,82,29,76,49,0.0,1130.4516666666666,68,24.0,32
1630200,Tre Jones,Tre,SAS,771,289,478,78,9,116,0.335,2138.18,77,24.0,-22
1630544,Tre Mann,Tre,CHA,382,149,165,51,3,65,0.373,987.0983333333334,41,23.0,-127
1630570,Trendon Watford,Trendon,BKN,432,194,81,23,19,63,0.397,856.52,63,23.0,-73
1630235,Trent Forrest,Trent,ATL,83,51,92,11,3,20,0.2,413.76166666666666,38,25.0,-94
1630243,Trevelin Queen,Trevelin,ORL,40,20,18,7,5,7,0.176,164.72666666666666,14,27.0,-9
1641998,Trey Jemison,Trey,MEM,171,134,27,12,28,34,0.0,573.985,25,24.0,-110
1626168,Trey Lyles,Trey,SAC,419,257,72,17,19,38,0.384,1158.2183333333332,58,28.0,179
1630530,Trey Murphy III,Trey,NOP,842,280,124,51,28,34,0.38,1690.265,57,23.0,265
202684,Tristan Thompson,Tristan,CLE,161,174,51,12,14,29,0.0,548.9166666666666,49,33.0,-13
1641774,Tristan Vukcevic,Tristan,WAS,85,36,13,5,7,10,0.278,153.41166666666666,10,21.0,32
1628972,Troy Brown Jr.,Troy,DET,247,144,60,24,3,30,0.333,826.5116666666667,59,24.0,-127
1629660,Ty Jerome,Ty,CLE,4,1,3,0,0,1,0.0,14.816666666666666,2,26.0,-14
1631102,TyTy Washington Jr.,TyTy,MIL,14,5,5,3,0,2,0.333,55.92166666666667,11,22.0,-13
1629639,Tyler Herro,Tyler,MIA,875,222,188,30,3,93,0.396,1407.105,42,24.0,31
1630169,Tyrese Haliburton,Tyrese,IND,1389,271,752,83,48,159,0.364,2223.5383333333334,69,24.0,294
1630178,Tyrese Maxey,Tyrese,PHI,1816,258,433,69,33,116,0.373,2625.806666666667,70,23.0,303
1626145,Tyus Jones,Tyus,WAS,790,179,485,71,18,66,0.414,1932.6666666666667,66,28.0,-497
1628962,Udoka Azubuike,Udoka,PHX,35,32,3,1,6,4,0.0,112.82833333333333,16,24.0,-48
1630586,Usman Garuba,Usman,GSW,3,7,1,1,3,2,0.0,17.783333333333335,6,22.0,-11
203995,Vasilije Micic,Vasilije,CHA,422,88,262,31,7,99,0.279,1175.73,60,30.0,-74
1641705,Victor Wembanyama,Victor,SAS,1522,755,274,88,254,260,0.325,2106.235,71,20.0,-143
1631246,Vince Williams Jr.,Vince,MEM,521,290,175,47,34,92,0.378,1436.53,52,23.0,-91
1630249,Vit Krejci,Vit,ATL,135,52,50,13,6,20,0.412,541.32,22,23.0,1
1631117,Walker Kessler,Walker,UTA,518,481,60,30,154,66,0.211,1493.1066666666666,64,22.0,-149
1628976,Wendell Carter Jr.,Wendell,ORL,603,381,95,35,28,68,0.374,1406.3033333333333,55,25.0,51
1631111,Wendell Moore Jr.,Wendell,MIN,18,12,6,5,1,4,0.0,75.13166666666666,25,22.0,-6
1629117,Wenyen Gabriel,Wenyen,MEM,17,25,3,2,2,8,0.167,81.01666666666667,5,27.0,-16
202083,Wesley Matthews,Wesley,ATL,110,53,23,16,11,8,0.348,412.87,36,37.0,-69
1629875,Xavier Moon,Xavier,LAC,33,18,21,3,3,5,0.118,119.25,14,29.0,-37
1630214,Xavier Tillman,Xavier,BOS,284,211,77,51,44,34,0.247,974.555,54,25.0,-60
1629139,Yuta Watanabe,Yuta,MEM,117,54,15,12,7,19,0.294,464.37333333333333,34,29.0,-66
1628380,Zach Collins,Zach,SAS,776,370,194,34,52,132,0.32,1525.7283333333332,69,26.0,-393
203897,Zach LaVine,Zach,CHI,487,129,98,21,8,52,0.349,871.8616666666667,25,29.0,-92
1630285,Zavier Simpson,Zavier,MEM,42,20,25,7,3,10,0.294,161.38333333333333,7,27.0,-29
1630192,Zeke Nnaji,Zeke,DEN,186,125,32,15,38,27,0.261,576.12,58,23.0,-168
1630533,Ziaire Williams,Ziaire,MEM,420,180,75,36,9,66,0.307,1037.6816666666666,51,22.0,-247
1629627,Zion Williamson,Zion,NOP,1601,406,352,76,47,193,0.333,2206.923333333333,70,23.0,143
